http://www.brianmavity.com/blog/first/, http://blog.brianmavity.com/first
http://www.brianmavity.com/blog/i-have-lost-my-virginity-and-you-should-too/, http://blog.brianmavity.com/i-have-lost-my-virginity-and-you-should-too
http://www.brianmavity.com/blog/2009-part-1-pragmatic-thinking-and-learning/, http://blog.brianmavity.com/2009-part-1-pragmatic-thinking-and-learning
http://www.brianmavity.com/blog/2009-part-2-pragmatic-investment-plan/, http://blog.brianmavity.com/2009-part-2-pragmatic-investment-plan
http://www.brianmavity.com/blog/pragmatic-investment-plan-an-example/, http://blog.brianmavity.com/pragmatic-investment-plan-an-example
http://www.brianmavity.com/blog/37signals-gets-it-in-a-way-that-most-people-don-t/, http://blog.brianmavity.com/37signals-gets-it-in-a-way-that-most-people-don-t
http://www.brianmavity.com/blog/i-m-not-dead/, http://blog.brianmavity.com/i-m-not-dead
http://www.brianmavity.com/blog/writing-a-blog-engine-boring-i-think-not/, http://blog.brianmavity.com/writing-a-blog-engine-boring-i-think-not
http://www.brianmavity.com/blog/answering-the-rob-conery-challenge/, http://blog.brianmavity.com/answering-the-rob-conery-challenge
http://blog.brianmavity.com/first/, http://blog.brianmavity.com/first
http://blog.brianmavity.com/i-have-lost-my-virginity-and-you-should-too/, http://blog.brianmavity.com/i-have-lost-my-virginity-and-you-should-too
http://blog.brianmavity.com/2009-part-1-pragmatic-thinking-and-learning/, http://blog.brianmavity.com/2009-part-1-pragmatic-thinking-and-learning
http://blog.brianmavity.com/2009-part-2-pragmatic-investment-plan/, http://blog.brianmavity.com/2009-part-2-pragmatic-investment-plan
http://blog.brianmavity.com/pragmatic-investment-plan-an-example/, http://blog.brianmavity.com/pragmatic-investment-plan-an-example
http://blog.brianmavity.com/37signals-gets-it-in-a-way-that-most-people-don-t/, http://blog.brianmavity.com/37signals-gets-it-in-a-way-that-most-people-don-t
http://blog.brianmavity.com/i-m-not-dead/, http://blog.brianmavity.com/i-m-not-dead
http://blog.brianmavity.com/writing-a-blog-engine-boring-i-think-not/, http://blog.brianmavity.com/writing-a-blog-engine-boring-i-think-not
http://blog.brianmavity.com/answering-the-rob-conery-challenge/, http://blog.brianmavity.com/answering-the-rob-conery-challenge
